{
    "Report": {
        "try": true,
        "success": true
    },
    "Illegal": false,
    "QR": {
        "0": {
            "timestamp": "19700101 000324680",
            "result": true
        }
    },
    "Approach": [
        {
            "0": {
                "y": 0.0016869846,
                "x": -0.0001212258,
                "direction": true,
                "r": 0.0016913346,
                "timestamp": "19700101 000348000"
            },
            "1": {
                "y": 0.0016892724,
                "x": -0.0002418042,
                "direction": true,
                "r": 0.0017064907,
                "timestamp": "19700101 000348944"
            },
            "2": {
                "y": 0.0015090569,
                "x": -0.0006613394,
                "direction": true,
                "r": 0.0016476112,
                "timestamp": "19700101 000349992"
            },
            "3": {
                "y": 0.0013702149,
                "x": -0.0009190771,
                "direction": true,
                "r": 0.0016499065,
                "timestamp": "19700101 000351016"
            },
            "4": {
                "y": 0.0012465818,
                "x": -0.0011827101,
                "direction": true,
                "r": 0.0017183624,
                "timestamp": "19700101 000352272"
            },
            "5": {
                "y": 0.0010211343,
                "x": -0.0012647741,
                "direction": true,
                "r": 0.0016255365,
                "timestamp": "19700101 000353920"
            },
            "6": {
                "y": 0.0010715034,
                "x": -0.001249957,
                "direction": true,
                "r": 0.0016463633,
                "timestamp": "19700101 000354976"
            },
            "7": {
                "y": 0.0009645268,
                "x": -0.0012415426,
                "direction": true,
                "r": 0.0015721768,
                "timestamp": "19700101 000356032"
            },
            "8": {
                "y": 0.0009640888,
                "x": -0.0012300632,
                "direction": true,
                "r": 0.0015628572,
                "timestamp": "19700101 000357056"
            },
            "9": {
                "y": 0.0008374132,
                "x": -0.001152587,
                "direction": true,
                "r": 0.0014246816,
                "timestamp": "19700101 000358048"
            }
        }
    ],
    "Mission Time": {
        "start": "19700101 000244640",
        "finish": "19700101 000448688"
    }
}